,0
0,Gamma(gapi)__variance
1,Gamma(gapi)__partial_autocorrelation__lag_6
2,Gamma(gapi)__spkt_welch_density__coeff_2
3,"Gamma(gapi)__fft_coefficient__attr_""real""__coeff_1"
4,"Gamma(gapi)__fft_coefficient__attr_""real""__coeff_2"
5,"Gamma(gapi)__fft_coefficient__attr_""real""__coeff_31"
6,"Gamma(gapi)__fft_coefficient__attr_""real""__coeff_32"
7,"Gamma(gapi)__fft_coefficient__attr_""real""__coeff_33"
8,"Gamma(gapi)__fft_coefficient__attr_""real""__coeff_34"
9,"Gamma(gapi)__fft_coefficient__attr_""real""__coeff_35"
10,"Gamma(gapi)__fft_coefficient__attr_""real""__coeff_36"
11,"Gamma(gapi)__fft_coefficient__attr_""real""__coeff_37"
12,"Gamma(gapi)__fft_coefficient__attr_""real""__coeff_38"
13,"Gamma(gapi)__fft_coefficient__attr_""real""__coeff_39"
14,"Gamma(gapi)__fft_coefficient__attr_""real""__coeff_40"
15,"Gamma(gapi)__fft_coefficient__attr_""real""__coeff_41"
16,"Gamma(gapi)__fft_coefficient__attr_""real""__coeff_42"
17,"Gamma(gapi)__fft_coefficient__attr_""real""__coeff_43"
18,"Gamma(gapi)__fft_coefficient__attr_""real""__coeff_44"
19,"Gamma(gapi)__fft_coefficient__attr_""real""__coeff_45"
20,"Gamma(gapi)__fft_coefficient__attr_""real""__coeff_46"
21,"Gamma(gapi)__fft_coefficient__attr_""real""__coeff_47"
22,"Gamma(gapi)__fft_coefficient__attr_""real""__coeff_48"
23,"Gamma(gapi)__fft_coefficient__attr_""real""__coeff_49"
24,"Gamma(gapi)__fft_coefficient__attr_""real""__coeff_50"
25,"Gamma(gapi)__fft_coefficient__attr_""real""__coeff_51"
26,"Gamma(gapi)__fft_coefficient__attr_""real""__coeff_52"
27,"Gamma(gapi)__fft_coefficient__attr_""real""__coeff_53"
28,"Gamma(gapi)__fft_coefficient__attr_""real""__coeff_54"
29,"Gamma(gapi)__fft_coefficient__attr_""real""__coeff_55"
30,"Gamma(gapi)__fft_coefficient__attr_""real""__coeff_56"
31,"Gamma(gapi)__fft_coefficient__attr_""real""__coeff_57"
32,"Gamma(gapi)__fft_coefficient__attr_""real""__coeff_58"
33,"Gamma(gapi)__fft_coefficient__attr_""real""__coeff_59"
34,"Gamma(gapi)__fft_coefficient__attr_""real""__coeff_60"
35,"Gamma(gapi)__fft_coefficient__attr_""real""__coeff_61"
36,"Gamma(gapi)__fft_coefficient__attr_""real""__coeff_62"
37,"Gamma(gapi)__fft_coefficient__attr_""real""__coeff_63"
38,"Gamma(gapi)__fft_coefficient__attr_""real""__coeff_64"
39,"Gamma(gapi)__fft_coefficient__attr_""real""__coeff_65"
40,"Gamma(gapi)__fft_coefficient__attr_""real""__coeff_66"
41,"Gamma(gapi)__fft_coefficient__attr_""real""__coeff_67"
42,"Gamma(gapi)__fft_coefficient__attr_""real""__coeff_68"
43,"Gamma(gapi)__fft_coefficient__attr_""real""__coeff_69"
44,"Gamma(gapi)__fft_coefficient__attr_""real""__coeff_70"
45,"Gamma(gapi)__fft_coefficient__attr_""real""__coeff_71"
46,"Gamma(gapi)__fft_coefficient__attr_""real""__coeff_72"
47,"Gamma(gapi)__fft_coefficient__attr_""real""__coeff_73"
48,"Gamma(gapi)__fft_coefficient__attr_""real""__coeff_74"
49,"Gamma(gapi)__fft_coefficient__attr_""real""__coeff_75"
50,"Gamma(gapi)__fft_coefficient__attr_""real""__coeff_76"
51,"Gamma(gapi)__fft_coefficient__attr_""real""__coeff_77"
52,"Gamma(gapi)__fft_coefficient__attr_""real""__coeff_78"
53,"Gamma(gapi)__fft_coefficient__attr_""real""__coeff_79"
54,"Gamma(gapi)__fft_coefficient__attr_""real""__coeff_80"
55,"Gamma(gapi)__fft_coefficient__attr_""real""__coeff_81"
56,"Gamma(gapi)__fft_coefficient__attr_""real""__coeff_82"
57,"Gamma(gapi)__fft_coefficient__attr_""real""__coeff_83"
58,"Gamma(gapi)__fft_coefficient__attr_""real""__coeff_84"
59,"Gamma(gapi)__fft_coefficient__attr_""real""__coeff_85"
60,"Gamma(gapi)__fft_coefficient__attr_""real""__coeff_86"
61,"Gamma(gapi)__fft_coefficient__attr_""real""__coeff_87"
62,"Gamma(gapi)__fft_coefficient__attr_""real""__coeff_88"
63,"Gamma(gapi)__fft_coefficient__attr_""real""__coeff_89"
64,"Gamma(gapi)__fft_coefficient__attr_""real""__coeff_90"
65,"Gamma(gapi)__fft_coefficient__attr_""real""__coeff_91"
66,"Gamma(gapi)__fft_coefficient__attr_""real""__coeff_92"
67,"Gamma(gapi)__fft_coefficient__attr_""real""__coeff_93"
68,"Gamma(gapi)__fft_coefficient__attr_""real""__coeff_94"
69,"Gamma(gapi)__fft_coefficient__attr_""real""__coeff_95"
70,"Gamma(gapi)__fft_coefficient__attr_""real""__coeff_96"
71,"Gamma(gapi)__fft_coefficient__attr_""real""__coeff_97"
72,"Gamma(gapi)__fft_coefficient__attr_""real""__coeff_98"
73,"Gamma(gapi)__fft_coefficient__attr_""real""__coeff_99"
74,"Gamma(gapi)__fft_coefficient__attr_""imag""__coeff_1"
75,"Gamma(gapi)__fft_coefficient__attr_""imag""__coeff_31"
76,"Gamma(gapi)__fft_coefficient__attr_""imag""__coeff_32"
77,"Gamma(gapi)__fft_coefficient__attr_""imag""__coeff_33"
78,"Gamma(gapi)__fft_coefficient__attr_""imag""__coeff_34"
79,"Gamma(gapi)__fft_coefficient__attr_""imag""__coeff_35"
80,"Gamma(gapi)__fft_coefficient__attr_""imag""__coeff_36"
81,"Gamma(gapi)__fft_coefficient__attr_""imag""__coeff_37"
82,"Gamma(gapi)__fft_coefficient__attr_""imag""__coeff_38"
83,"Gamma(gapi)__fft_coefficient__attr_""imag""__coeff_39"
84,"Gamma(gapi)__fft_coefficient__attr_""imag""__coeff_40"
85,"Gamma(gapi)__fft_coefficient__attr_""imag""__coeff_41"
86,"Gamma(gapi)__fft_coefficient__attr_""imag""__coeff_42"
87,"Gamma(gapi)__fft_coefficient__attr_""imag""__coeff_43"
88,"Gamma(gapi)__fft_coefficient__attr_""imag""__coeff_44"
89,"Gamma(gapi)__fft_coefficient__attr_""imag""__coeff_45"
90,"Gamma(gapi)__fft_coefficient__attr_""imag""__coeff_46"
91,"Gamma(gapi)__fft_coefficient__attr_""imag""__coeff_47"
92,"Gamma(gapi)__fft_coefficient__attr_""imag""__coeff_48"
93,"Gamma(gapi)__fft_coefficient__attr_""imag""__coeff_49"
94,"Gamma(gapi)__fft_coefficient__attr_""imag""__coeff_50"
95,"Gamma(gapi)__fft_coefficient__attr_""imag""__coeff_51"
96,"Gamma(gapi)__fft_coefficient__attr_""imag""__coeff_52"
97,"Gamma(gapi)__fft_coefficient__attr_""imag""__coeff_53"
98,"Gamma(gapi)__fft_coefficient__attr_""imag""__coeff_54"
99,"Gamma(gapi)__fft_coefficient__attr_""imag""__coeff_55"
100,"Gamma(gapi)__fft_coefficient__attr_""imag""__coeff_56"
101,"Gamma(gapi)__fft_coefficient__attr_""imag""__coeff_57"
102,"Gamma(gapi)__fft_coefficient__attr_""imag""__coeff_58"
103,"Gamma(gapi)__fft_coefficient__attr_""imag""__coeff_59"
104,"Gamma(gapi)__fft_coefficient__attr_""imag""__coeff_60"
105,"Gamma(gapi)__fft_coefficient__attr_""imag""__coeff_61"
106,"Gamma(gapi)__fft_coefficient__attr_""imag""__coeff_62"
107,"Gamma(gapi)__fft_coefficient__attr_""imag""__coeff_63"
108,"Gamma(gapi)__fft_coefficient__attr_""imag""__coeff_64"
109,"Gamma(gapi)__fft_coefficient__attr_""imag""__coeff_65"
110,"Gamma(gapi)__fft_coefficient__attr_""imag""__coeff_66"
111,"Gamma(gapi)__fft_coefficient__attr_""imag""__coeff_67"
112,"Gamma(gapi)__fft_coefficient__attr_""imag""__coeff_68"
113,"Gamma(gapi)__fft_coefficient__attr_""imag""__coeff_69"
114,"Gamma(gapi)__fft_coefficient__attr_""imag""__coeff_70"
115,"Gamma(gapi)__fft_coefficient__attr_""imag""__coeff_71"
116,"Gamma(gapi)__fft_coefficient__attr_""imag""__coeff_72"
117,"Gamma(gapi)__fft_coefficient__attr_""imag""__coeff_73"
118,"Gamma(gapi)__fft_coefficient__attr_""imag""__coeff_74"
119,"Gamma(gapi)__fft_coefficient__attr_""imag""__coeff_75"
120,"Gamma(gapi)__fft_coefficient__attr_""imag""__coeff_76"
121,"Gamma(gapi)__fft_coefficient__attr_""imag""__coeff_77"
122,"Gamma(gapi)__fft_coefficient__attr_""imag""__coeff_78"
123,"Gamma(gapi)__fft_coefficient__attr_""imag""__coeff_79"
124,"Gamma(gapi)__fft_coefficient__attr_""imag""__coeff_80"
125,"Gamma(gapi)__fft_coefficient__attr_""imag""__coeff_81"
126,"Gamma(gapi)__fft_coefficient__attr_""imag""__coeff_82"
127,"Gamma(gapi)__fft_coefficient__attr_""imag""__coeff_83"
128,"Gamma(gapi)__fft_coefficient__attr_""imag""__coeff_84"
129,"Gamma(gapi)__fft_coefficient__attr_""imag""__coeff_85"
130,"Gamma(gapi)__fft_coefficient__attr_""imag""__coeff_86"
131,"Gamma(gapi)__fft_coefficient__attr_""imag""__coeff_87"
132,"Gamma(gapi)__fft_coefficient__attr_""imag""__coeff_88"
133,"Gamma(gapi)__fft_coefficient__attr_""imag""__coeff_89"
134,"Gamma(gapi)__fft_coefficient__attr_""imag""__coeff_90"
135,"Gamma(gapi)__fft_coefficient__attr_""imag""__coeff_91"
136,"Gamma(gapi)__fft_coefficient__attr_""imag""__coeff_92"
137,"Gamma(gapi)__fft_coefficient__attr_""imag""__coeff_93"
138,"Gamma(gapi)__fft_coefficient__attr_""imag""__coeff_94"
139,"Gamma(gapi)__fft_coefficient__attr_""imag""__coeff_95"
140,"Gamma(gapi)__fft_coefficient__attr_""imag""__coeff_96"
141,"Gamma(gapi)__fft_coefficient__attr_""imag""__coeff_97"
142,"Gamma(gapi)__fft_coefficient__attr_""imag""__coeff_98"
143,"Gamma(gapi)__fft_coefficient__attr_""imag""__coeff_99"
144,"Gamma(gapi)__fft_coefficient__attr_""abs""__coeff_1"
145,"Gamma(gapi)__fft_coefficient__attr_""abs""__coeff_31"
146,"Gamma(gapi)__fft_coefficient__attr_""abs""__coeff_32"
147,"Gamma(gapi)__fft_coefficient__attr_""abs""__coeff_33"
148,"Gamma(gapi)__fft_coefficient__attr_""abs""__coeff_34"
149,"Gamma(gapi)__fft_coefficient__attr_""abs""__coeff_35"
150,"Gamma(gapi)__fft_coefficient__attr_""abs""__coeff_36"
151,"Gamma(gapi)__fft_coefficient__attr_""abs""__coeff_37"
152,"Gamma(gapi)__fft_coefficient__attr_""abs""__coeff_38"
153,"Gamma(gapi)__fft_coefficient__attr_""abs""__coeff_39"
154,"Gamma(gapi)__fft_coefficient__attr_""abs""__coeff_40"
155,"Gamma(gapi)__fft_coefficient__attr_""abs""__coeff_41"
156,"Gamma(gapi)__fft_coefficient__attr_""abs""__coeff_42"
157,"Gamma(gapi)__fft_coefficient__attr_""abs""__coeff_43"
158,"Gamma(gapi)__fft_coefficient__attr_""abs""__coeff_44"
159,"Gamma(gapi)__fft_coefficient__attr_""abs""__coeff_45"
160,"Gamma(gapi)__fft_coefficient__attr_""abs""__coeff_46"
161,"Gamma(gapi)__fft_coefficient__attr_""abs""__coeff_47"
162,"Gamma(gapi)__fft_coefficient__attr_""abs""__coeff_48"
163,"Gamma(gapi)__fft_coefficient__attr_""abs""__coeff_49"
164,"Gamma(gapi)__fft_coefficient__attr_""abs""__coeff_50"
165,"Gamma(gapi)__fft_coefficient__attr_""abs""__coeff_51"
166,"Gamma(gapi)__fft_coefficient__attr_""abs""__coeff_52"
167,"Gamma(gapi)__fft_coefficient__attr_""abs""__coeff_53"
168,"Gamma(gapi)__fft_coefficient__attr_""abs""__coeff_54"
169,"Gamma(gapi)__fft_coefficient__attr_""abs""__coeff_55"
170,"Gamma(gapi)__fft_coefficient__attr_""abs""__coeff_56"
171,"Gamma(gapi)__fft_coefficient__attr_""abs""__coeff_57"
172,"Gamma(gapi)__fft_coefficient__attr_""abs""__coeff_58"
173,"Gamma(gapi)__fft_coefficient__attr_""abs""__coeff_59"
174,"Gamma(gapi)__fft_coefficient__attr_""abs""__coeff_60"
175,"Gamma(gapi)__fft_coefficient__attr_""abs""__coeff_61"
176,"Gamma(gapi)__fft_coefficient__attr_""abs""__coeff_62"
177,"Gamma(gapi)__fft_coefficient__attr_""abs""__coeff_63"
178,"Gamma(gapi)__fft_coefficient__attr_""abs""__coeff_64"
179,"Gamma(gapi)__fft_coefficient__attr_""abs""__coeff_65"
180,"Gamma(gapi)__fft_coefficient__attr_""abs""__coeff_66"
181,"Gamma(gapi)__fft_coefficient__attr_""abs""__coeff_67"
182,"Gamma(gapi)__fft_coefficient__attr_""abs""__coeff_68"
183,"Gamma(gapi)__fft_coefficient__attr_""abs""__coeff_69"
184,"Gamma(gapi)__fft_coefficient__attr_""abs""__coeff_70"
185,"Gamma(gapi)__fft_coefficient__attr_""abs""__coeff_71"
186,"Gamma(gapi)__fft_coefficient__attr_""abs""__coeff_72"
187,"Gamma(gapi)__fft_coefficient__attr_""abs""__coeff_73"
188,"Gamma(gapi)__fft_coefficient__attr_""abs""__coeff_74"
189,"Gamma(gapi)__fft_coefficient__attr_""abs""__coeff_75"
190,"Gamma(gapi)__fft_coefficient__attr_""abs""__coeff_76"
191,"Gamma(gapi)__fft_coefficient__attr_""abs""__coeff_77"
192,"Gamma(gapi)__fft_coefficient__attr_""abs""__coeff_78"
193,"Gamma(gapi)__fft_coefficient__attr_""abs""__coeff_79"
194,"Gamma(gapi)__fft_coefficient__attr_""abs""__coeff_80"
195,"Gamma(gapi)__fft_coefficient__attr_""abs""__coeff_81"
196,"Gamma(gapi)__fft_coefficient__attr_""abs""__coeff_82"
197,"Gamma(gapi)__fft_coefficient__attr_""abs""__coeff_83"
198,"Gamma(gapi)__fft_coefficient__attr_""abs""__coeff_84"
199,"Gamma(gapi)__fft_coefficient__attr_""abs""__coeff_85"
200,"Gamma(gapi)__fft_coefficient__attr_""abs""__coeff_86"
201,"Gamma(gapi)__fft_coefficient__attr_""abs""__coeff_87"
202,"Gamma(gapi)__fft_coefficient__attr_""abs""__coeff_88"
203,"Gamma(gapi)__fft_coefficient__attr_""abs""__coeff_89"
204,"Gamma(gapi)__fft_coefficient__attr_""abs""__coeff_90"
205,"Gamma(gapi)__fft_coefficient__attr_""abs""__coeff_91"
206,"Gamma(gapi)__fft_coefficient__attr_""abs""__coeff_92"
207,"Gamma(gapi)__fft_coefficient__attr_""abs""__coeff_93"
208,"Gamma(gapi)__fft_coefficient__attr_""abs""__coeff_94"
209,"Gamma(gapi)__fft_coefficient__attr_""abs""__coeff_95"
210,"Gamma(gapi)__fft_coefficient__attr_""abs""__coeff_96"
211,"Gamma(gapi)__fft_coefficient__attr_""abs""__coeff_97"
212,"Gamma(gapi)__fft_coefficient__attr_""abs""__coeff_98"
213,"Gamma(gapi)__fft_coefficient__attr_""abs""__coeff_99"
214,"Gamma(gapi)__fft_coefficient__attr_""angle""__coeff_31"
215,"Gamma(gapi)__fft_coefficient__attr_""angle""__coeff_32"
216,"Gamma(gapi)__fft_coefficient__attr_""angle""__coeff_33"
217,"Gamma(gapi)__fft_coefficient__attr_""angle""__coeff_34"
218,"Gamma(gapi)__fft_coefficient__attr_""angle""__coeff_35"
219,"Gamma(gapi)__fft_coefficient__attr_""angle""__coeff_36"
220,"Gamma(gapi)__fft_coefficient__attr_""angle""__coeff_37"
221,"Gamma(gapi)__fft_coefficient__attr_""angle""__coeff_38"
222,"Gamma(gapi)__fft_coefficient__attr_""angle""__coeff_39"
223,"Gamma(gapi)__fft_coefficient__attr_""angle""__coeff_40"
224,"Gamma(gapi)__fft_coefficient__attr_""angle""__coeff_41"
225,"Gamma(gapi)__fft_coefficient__attr_""angle""__coeff_42"
226,"Gamma(gapi)__fft_coefficient__attr_""angle""__coeff_43"
227,"Gamma(gapi)__fft_coefficient__attr_""angle""__coeff_44"
228,"Gamma(gapi)__fft_coefficient__attr_""angle""__coeff_45"
229,"Gamma(gapi)__fft_coefficient__attr_""angle""__coeff_46"
230,"Gamma(gapi)__fft_coefficient__attr_""angle""__coeff_47"
231,"Gamma(gapi)__fft_coefficient__attr_""angle""__coeff_48"
232,"Gamma(gapi)__fft_coefficient__attr_""angle""__coeff_49"
233,"Gamma(gapi)__fft_coefficient__attr_""angle""__coeff_50"
234,"Gamma(gapi)__fft_coefficient__attr_""angle""__coeff_51"
235,"Gamma(gapi)__fft_coefficient__attr_""angle""__coeff_52"
236,"Gamma(gapi)__fft_coefficient__attr_""angle""__coeff_53"
237,"Gamma(gapi)__fft_coefficient__attr_""angle""__coeff_54"
238,"Gamma(gapi)__fft_coefficient__attr_""angle""__coeff_55"
239,"Gamma(gapi)__fft_coefficient__attr_""angle""__coeff_56"
240,"Gamma(gapi)__fft_coefficient__attr_""angle""__coeff_57"
241,"Gamma(gapi)__fft_coefficient__attr_""angle""__coeff_58"
242,"Gamma(gapi)__fft_coefficient__attr_""angle""__coeff_59"
243,"Gamma(gapi)__fft_coefficient__attr_""angle""__coeff_60"
244,"Gamma(gapi)__fft_coefficient__attr_""angle""__coeff_61"
245,"Gamma(gapi)__fft_coefficient__attr_""angle""__coeff_62"
246,"Gamma(gapi)__fft_coefficient__attr_""angle""__coeff_63"
247,"Gamma(gapi)__fft_coefficient__attr_""angle""__coeff_64"
248,"Gamma(gapi)__fft_coefficient__attr_""angle""__coeff_65"
249,"Gamma(gapi)__fft_coefficient__attr_""angle""__coeff_66"
250,"Gamma(gapi)__fft_coefficient__attr_""angle""__coeff_67"
251,"Gamma(gapi)__fft_coefficient__attr_""angle""__coeff_68"
252,"Gamma(gapi)__fft_coefficient__attr_""angle""__coeff_69"
253,"Gamma(gapi)__fft_coefficient__attr_""angle""__coeff_70"
254,"Gamma(gapi)__fft_coefficient__attr_""angle""__coeff_71"
255,"Gamma(gapi)__fft_coefficient__attr_""angle""__coeff_72"
256,"Gamma(gapi)__fft_coefficient__attr_""angle""__coeff_73"
257,"Gamma(gapi)__fft_coefficient__attr_""angle""__coeff_74"
258,"Gamma(gapi)__fft_coefficient__attr_""angle""__coeff_75"
259,"Gamma(gapi)__fft_coefficient__attr_""angle""__coeff_76"
260,"Gamma(gapi)__fft_coefficient__attr_""angle""__coeff_77"
261,"Gamma(gapi)__fft_coefficient__attr_""angle""__coeff_78"
262,"Gamma(gapi)__fft_coefficient__attr_""angle""__coeff_79"
263,"Gamma(gapi)__fft_coefficient__attr_""angle""__coeff_80"
264,"Gamma(gapi)__fft_coefficient__attr_""angle""__coeff_81"
265,"Gamma(gapi)__fft_coefficient__attr_""angle""__coeff_82"
266,"Gamma(gapi)__fft_coefficient__attr_""angle""__coeff_83"
267,"Gamma(gapi)__fft_coefficient__attr_""angle""__coeff_84"
268,"Gamma(gapi)__fft_coefficient__attr_""angle""__coeff_85"
269,"Gamma(gapi)__fft_coefficient__attr_""angle""__coeff_86"
270,"Gamma(gapi)__fft_coefficient__attr_""angle""__coeff_87"
271,"Gamma(gapi)__fft_coefficient__attr_""angle""__coeff_88"
272,"Gamma(gapi)__fft_coefficient__attr_""angle""__coeff_89"
273,"Gamma(gapi)__fft_coefficient__attr_""angle""__coeff_90"
274,"Gamma(gapi)__fft_coefficient__attr_""angle""__coeff_91"
275,"Gamma(gapi)__fft_coefficient__attr_""angle""__coeff_92"
276,"Gamma(gapi)__fft_coefficient__attr_""angle""__coeff_93"
277,"Gamma(gapi)__fft_coefficient__attr_""angle""__coeff_94"
278,"Gamma(gapi)__fft_coefficient__attr_""angle""__coeff_95"
279,"Gamma(gapi)__fft_coefficient__attr_""angle""__coeff_96"
280,"Gamma(gapi)__fft_coefficient__attr_""angle""__coeff_97"
281,"Gamma(gapi)__fft_coefficient__attr_""angle""__coeff_98"
282,"Gamma(gapi)__fft_coefficient__attr_""angle""__coeff_99"
283,Gamma(gapi)__max_langevin_fixed_point__m_3__r_30
284,"Gamma(gapi)__agg_linear_trend__attr_""intercept""__chunk_len_50__f_agg_""var"""
285,"Gamma(gapi)__agg_linear_trend__attr_""slope""__chunk_len_50__f_agg_""var"""
286,Gamma(gapi)__query_similarity_count__query_None__threshold_0.0
